1950	58	8th	along	and	back	basco	been	beginning	brother	but	fellow	for	from	ginnie	ginny	going	grade	graduated	happy	has	havu	his	in	is	it	knew	like	maddox	me	much	my	name	nickname	now	of	older	on	once	other	sang	skip	skipper	some	song	spelt	still	students	teenage	the	their	then	this	to	together	very	virginia	walter	was	when	with	years	young
and	deceased	nostalgia	sentimentality	the	to
always	back	bring	childhood	me	my	song	this	to
childhood	favorite	finally	find	memories	of	song	the	tons
14	17	am	boot	fantastic	first	heard	mono	no	on	radio	stereo	steve	to	was	when	winwood	year
back	bring	good	love	memories	song	this
2019	60	and	are	awesome	bands	best	brothers	but	else	endless	energies	era	etched	experiences	for	gary	gone	hearts	high	in	john	matters	me	most	music	nothing	of	our	raised	re	rip	rock	roll	school	scott	song	songs	the	their	them	these	walker	when	yes	you	youth
2018	and	august	back	been	brings	childhood	cry	every	first	from	have	hear	heard	it	la	listening	many	memories	my	nonstop	of	sha	shines	since	so	song	still	this	time	to	woah	wonderful
back	good	many	years
am	and	as	beautiful	bed	child	dad	dancing	even	feel	for	from	him	his	imagine	in	me	miss	my	place	sick	sing	some	still	this	to	with	would	you
1996	60s	and	at	back	bought	brilliant	concert	denisex	distant	during	for	going	hemel	hempstead	hit	in	it	life	live	memories	of	pav	pavillion	performed	pop	remember	sharing	song	summer	thanks	the	their	this	to	top	volume	warm	was	wishes
another	classic	memories
and	back	by	changed	gone	good	had	has	how	in	it	looking	makes	much	on	rather	sad	seem	so	that	the	times	today	was	years
about	age	be	down	fantastic	how	lane	memory	never	omg	replaced	take	talk	to	trip
all	are	back	bring	could	don	know	missing	must	people	sing	these	they	we	what	wish
50	60	all	and	are	best	days	if	live	memories	most	my	not	now	of	one	rubbish	songs	the	these	times	with
after	and	billy	cardiff	concert	eckstine	in	love	met	my	of	see	sixty	still	to	together	uk	wales	went	wife	years
and	lovely	nostalgia	pictures	sad	sweet
20s	62	am	and	at	but	captivating	could	dad	do	from	god	he	her	hi	his	holgmany	house	it	just	karaoke	like	mid	mum	my	new	on	parties	remember	rest	sang	so	song	soul	this	to	used	was	when	wish	years
fantastic	grandparents	listening	memories	my	of	this	to
19	and	as	australia	brings	by	camping	cassette	deck	fishing	get	gets	glimpses	in	it	life	lonely	love	memories	music	my	north	nostalgia	of	old	older	on	or	out	passes	past	playing	quickly	remote	so	sometimes	this	though	through	twin	western	year	you
at	back	because	born	brings	date	days	had	how	just	later	memories	miss	music	never	oh	real	that	those	was	well
ago	awesome	bless	distant	drums	from	god	have	his	inverness	jim	jims	listened	love	many	my	since	singer	songs	teens	to	years
57	all	back	being	by	fast	great	how	just	looking	makes	me	now	passed	sad	so	teenager	the	think	time	times	to	was	when
60	back	come	early	omg	please
clasmate	danilo	first	from	heard	my	old	song	this	was	when	years
beautiful	for	me	mom	my	nostalgic	sing	so	this	to	used
always	an	and	as	been	billy	boy	brother	far	felt	for	got	had	happier	he	heard	his	it	jimmy	little	long	lullaby	me	mother	much	my	nickname	nicknamed	nonetheless	one	sad	sang	sharing	since	so	song	such	thanks	that	the	this	to	too	tyke	upbeat	was	when	while
20	and	another	are	awake	barrack	bond	favorite	fellows	from	have	heard	him	his	in	listen	my	nights	of	on	one	out	played	room	said	should	stay	sunday	ted	that	the	there	they	this	to	tooting	top	used	version	was	we	when	you
days	great	happy	in	memories	my	of	reminded	song	the	usa	which	youthful
being	girl	it	listening	little	love	me	my	of	parents	reminds	this	to	with
10	again	as	badly	been	but	could	died	even	get	gone	have	he	him	jimmy	life	may	miss	my	on	over	see	still	though	try	well	wish	with	years
40years	ago	and	at	back	boy	brings	dad	drinks	ever	few	had	he	house	it	jim	live	long	memories	my	only	party	reeves	sing	song	that	the	this	time	was	we	when	would
first	forget	grade	heard	in	life	my	never	sixth	song	that	the	this	time	was	will
25	afterwards	and	as	at	attendance	attractive	away	called	dairy	disco	doing	drive	driver	drivers	enjoyed	equipment	especially	for	fork	great	had	has	help	him	his	how	in	it	john	ladies	lift	london	lot	lovely	me	memories	mobile	of	old	one	other	pack	parties	ran	set	sloop	song	stay	take	the	these	this	to	truck	turn	up	used	various	very	was	we	west	will	with	worked	years	young
17	1987	and	aren	awesome	back	brings	hear	in	kids	lasted	memories	my	raised	some	song	still	this	together	was	we	wedding	when	why	wonder	years
beautiful	great	is	many	memories	much	so	song	thank	this	video	with	you
2000s	90	90s	all	back	boy	dance	dancing	do	fiance	floor	for	generation	just	last	man	me	miss	my	new	night	not	on	take	the	this	to	was
days	heard	man	memories	miss	my	song	stomach	this	those	turned	when
every	has	mother	my	played	remember	song	sunday	this	what	wonderful
50s	at	back	bye	club	days	good	impersonate	in	kyrill	morgan	mr	old	the	to	trinant	use
after	amazing	are	at	billy	but	can	darling	do	for	great	hear	heaven	in	jillian	least	log	most	on	place	playing	singer	so	still	thank	the	this	to	us	voice	week	were	whole	wide	wish	with	wonderful	world	you	your	youtube
are	before	day	ever	every	feeling	for	fresh	gives	green	his	leaving	leo	loved	me	play	remember	sayer	school	single	songs	to	tracks	wow
almost	ames	carson	ed	hilarious	his	it	johnny	lost	manhood	on	remember	show	the	was	when
and	another	but	don	dreams	has	kind	know	magical	me	mesmerizes	my	nostalgias	of	some	song	soul	spell	takes	that	this	to	word
admit	back	brings	come	eyes	it	know	love	makes	memories	now	on	song	that	this	water	you	your
56	during	memories	much	so	this	with	years
adore	nostalgic	song
and	as	beautiful	dear	distant	drums	first	his	is	jim	maybe	me	memory	music	of	reeves	the	to	unforgettable	voice
and	behind	carpenters	couldn	dad	days	for	introduced	it	karen	left	me	memories	my	on	putting	remember	repeat	sad	stay	thank	the	to	was	when	you
70s	and	as	back	box	bring	cd	damn	danced	day	every	good	have	in	it	kid	like	listened	me	my	not	room	songs	the	this	times	to	used	world	worry
back	feeling	for	love	memories	omg	thanks	the	this	throw
10	almost	been	everytime	first	its	just	kid	listened	piece	remember	since	the	this	time	to	was	when	years
all	back	brings	dance	during	first	good	has	is	it	lasted	lot	memories	my	of	played	sister	so	song	that	their	these	this	wedding	years
and	good	mama	memories	my	of	over	sing	song	to	used
50s	again	but	mid	suddenly	teenager
and	beautiful	childhood	from	my	song	woman
and	back	best	can	days	go	had	life	much	music	now	of	one	please	real	simpler	so	the	then	they	those	to	too	was
and	baby	carpenters	childhood	damn	every	good	hit	lol	loud	lullaby	mum	my	old	on	out	sang	tape	the	times	was	yes
20	again	and	can	close	could	ever	every	express	eyes	hear	her	it	last	listen	long	love	me	meet	missed	mom	more	my	of	reminds	singing	single	song	than	these	this	till	time	to	ve	we	words	years	you
at	ballroom	best	capital	dancing	disco	dj	edwards	friday	greg	in	jesus	london	lyceum	night	on	radios	remember	the	this	to	town	with
all	away	but	gone	it	just	like	listen	melted	more	once	re	songs	that	they	those	to	when	years	yesterday
anything	back	backwards	be	being	by	childhood	currently	enriched	era	exchange	fact	for	forwards	garbage	goes	going	in	issues	kids	lives	matter	music	my	no	not	of	played	previous	teen	terrific	the	their	this	to	tune	wise	with	would
1960	2018	40th	all	and	bkk	born	day	europe	friend	great	have	in	know	life	listen	love	missed	most	much	my	never	now	of	old	really	songs	still	such	them	till	time	to	up	use	very	was	will	years	you
back	best	brings	lady	memories	my	north	oahu	of	on	shore	some	special	sunset	the	watching	with
father	it	love	me	my	of	page	patti	reminds
50s	again	for	good	great	in	listening	nostalgia	singer	song	the	times
61	as	beautiful	born	child	clever	grandfather	in	lyrics	me	my	sang	this	to	voices
2018	childhood	in	like	miss	my	pops	someone	song	this
60	and	beautiful	great	late	memories	of	song	the
as	audio	cassette	child	first	had	listening	rap	song	tape	the	this	to	was
actually	back	but	dancing	days	fun	it	me	my	not	soul	still	takes	there	this	to	train	was	watching
6pm	at	back	become	big	called	channels	dances	did	even	from	going	great	group	he	hear	him	home	hurry	in	just	kings	life	local	my	never	of	on	one	our	played	remember	school	sing	some	star	such	teen	teenage	the	then	they	think	those	times	to	tv	used	was	we	went	were	what	where	with	would
beautiful	days	happy	her	holiday	listening	many	me	memories	miss	much	mum	my	of	on	reminds	so	song	the	this	to
44yr	album	away	can	childhood	drift	from	happy	him	jim	listening	many	memories	my	now	of	old	reeves	so	the	to
2018	again	and	dear	for	good	great	in	like	listen	passed	remembering	sironaca	song	thanks	this	time	to	we
1966	always	coming	he	heart	in	my	remember	up	was	when	young
always	are	everyone	love	made	memories	of	these
back	best	life	me	music	my	of	takes	way	wise	years
dad	happy	his	loved	memories	mum	music	on	playing	radiogram	records	the	was	when
absorbed	and	been	but	every	have	it	just	knew	may	sang	sleep	this	to	understood	word
can	country	first	girl	hearing	little	remember	song	was	when
all	back	brings	favorite	memories	my	of	one	songs	those	time	top
20	21	3rd	about	acknowledge	after	again	ago	also	an	and	anita	anna	at	back	be	before	damn	depending	few	gf	grocery	hadn	her	hooked	house	in	into	it	knows	last	like	live	macias	might	moment	more	mother	mothers	name	now	oct	of	old	on	or	ran	reconnected	remember	see	store	that	then	think	this	to	tv	up	was	watched	we	what	when	whether	who	with	year	years
all	and	back	come	every	grew	heart	it	memories	my	nice	song	this	those	time	touches	up	with
again	all	and	are	calling	child	country	find	for	grandparents	hate	hillbilly	it	like	love	music	my	myself	no	now	or	other	parents	played	reason	rock	singing	song	than	the	they	this	time	was	whatever	when	wish
20	am	before	but	extreme	for	have	in	karen	listening	longing	my	nostalgia	period	reason	rip	some	this	time	to	way
10	47	back	brings	good	its	like	me	now	old	so	then	was	wow	years
70	can	everything	from	miss	more	say	than
ago	back	country	love	many	me	music	oldies	takes	these	years
back	childhood	go	my	once	only	to	want
1975	back	it	love	me	memories	of	song	take	what
back	brings	for	memories	sure	thats	the
amazing	and	back	but	child	damn	every	everything	feel	felt	for	gave	good	happy	have	how	in	is	its	like	makes	me	memories	my	ok	out	parents	remember	reminding	secure	sharing	should	song	such	thanks	that	then	this	was	what	when	world	wow	yet	young
18	1988	again	and	fond	form	it	leaving	memories	of	party	sixth	summer	the
days	in	lovely	me	reminds	the	usa	with
by	days	evokes	for	gone	makes	memories	old	song	timeless	yearn	you
age	alive	and	as	back	brought	father	feelings	his	in	is	kid	listening	living	lot	man	me	mum	my	now	of	old	parents	played	prime	she	teen	this	to	was	when	with	younger
back	big	brings	can	hit	it	love	makes	many	memories	more	say	so	song	than	that	the	to	words	you
2016	22nd	and	back	beautiful	daughter	days	happy	july	me	my	passed	remembering	song	takes	to	who
1970s	40	able	afford	ago	already	and	back	band	be	beautiful	break	brings	broadcasted	but	can	carmen	castes	childhood	china	classic	conservative	could	country	enough	faction	firm	from	heard	here	image	in	iron	is	it	love	memory	my	not	old	player	poor	rules	sing	songs	still	streets	strong	that	the	there	these	this	to	was	were	when	years	you
missed	was	when	young
and	as	by	did	expect	gives	goes	he	if	in	just	listener	memories	not	passed	past	quickly	recalling	serenity	silence	so	song	the	this	time	to	yesterday
70	94	az	back	classic	fm	for	gold	graffiti	great	in	it	jack	kool	listening	memories	on	phoenix	posting	remember	show	song	thanks	the	this	to	weekend	wolfman
back	favorite	first	husband	me	met	my	never	now	or	song	takes	this	time	to
20	am	but	child	from	grandfather	grandpa	heard	heaven	him	in	is	me	my	now	of	reminds	song	this	was	when
80	90	and	best	life	miss	my	of	really	the	years
angel	blue	christmas	every	favorite	gram	happy	lps	on	orbison	our	play	roy	stereo	the	times	to	used	was	we
12	also	an	any	back	but	by	can	caught	days	different	don	early	even	eye	get	girl	had	incurable	issue	it	know	later	look	loved	me	months	more	motown	my	of	on	platform	play	realize	reminds	rock	romantic	the	then	think	though	undergraduate	vividly	when	who	why	woman	young
2019	but	feels	fresh	many	memories	past	relate	so	song	songs	the	this	with	wonderful
early	flashing	hear	keep	memories	mind	my	of	seventies	song	this	to	whenever	wow
1980	20	and	at	different	drove	from	girlfriend	great	heard	in	indiana	least	memories	my	on	phoenix	radio	song	stations	the	there	this	to	way
60	and	back	early	england	fantastic	great	in	jim	john	listened	lot	me	memories	of	reeves	singer	takes	the	this	to	voice	wonderful
and	funny	girl	it	kid	old	only	remember	she	singing	song	this	thought	to	was	when	young	yrs
everything	great	hear	imagine	in	it	life	live	love	lyrics	me	music	my	of	on	reminds	side	song	the	this	when
1963	1965	1979	57	age	all	am	and	are	at	back	but	climb	comes	did	do	feel	from	go	hear	in	into	is	it	listening	little	machine	many	me	moves	music	my	not	now	people	press	respects	see	stuff	that	the	there	time	to	today	very	want	way	what	when
13	and	be	calypso	dances	doing	girls	going	great	has	hit	it	line	long	man	of	old	passionate	remember	romantic	school	singing	so	song	the	there	this	to	voice	was	what	when	would	year
1964	also	at	back	before	charity	colour	concert	death	dvd	few	he	his	in	interviewed	jim	june	length	norway	of	only	picked	rare	shop	up	was	weeks	years
49	ago	all	am	as	did	for	from	it	love	now	remember	song	still	thanks	then	this	those	uploading	very	was	years	young
40	childhood	first	from	hit	my	remember	the	top	very
2019	70	am	and	asking	been	better	bringing	childhood	have	in	is	it	listening	lived	memories	my	now	of	on	radio	really	seirus	station	still	the	to	we	what	which	why	world
are	at	elvis	everytime	funeral	grandma	head	her	in	listen	loved	many	memories	music	my	played	really	so	song	there	this	to	we
appreciate	as	because	child	cry	death	every	fear	funerals	got	heard	it	jim	many	me	now	of	over	reeves	reminded	rip	song	souls	still	that	this	time	to	touches	used	voice	your
back	brings	happened	memory	music	the	this	to	voice	what	wow
80	and	anymore	are	back	don	feel	fun	glen	him	his	is	like	making	me	music	no	nostalgic	of	oh	recently	singer	so	song	sweet	there	to	very	why	you
2019	come	favorite	growing	here	is	june	my	nostalgia	song	this	up
all	and	are	as	back	be	can	come	day	distant	for	gone	have	hearing	her	hope	however	in	is	karen	lives	long	lost	loved	memories	miss	music	never	new	now	on	ones	our	past	remember	she	some	song	that	the	then	there	they	think	this	through	totally	us	we	while	will	years
1963	boat	by	bye	decades	first	for	have	heard	holds	missed	numerous	still	strong	the	this	time	way
childhood	my	right	thats	there
all	also	as	blasting	child	elvis	frank	full	gospel	grandma	grew	house	jones	love	mother	music	my	of	our	passion	presley	sinatra	the	this	time	tom	up	was	with
dad	he	heaven	in	kid	loved	miss	much	my	so	song	sung	this	to	used	was	when
absolutely	after	and	apologies	bad	because	blow	childhood	feel	grammartical	great	habit	heard	her	it	just	like	listen	love	make	many	me	melody	mistakes	my	now	of	relaxed	school	secondary	send	since	so	some	song	steam	still	student	such	the	this	time	to	voice	want	was
awesome	listen	material	nostalgic	sweet	to	tune	very
1992	2015	55	71	age	dad	day	died	every	in	loved	miss	mum	my	old	parents	song	they	this	was	witch	years
ah	and	as	back	brings	came	classic	damn	dance	dope	floor	friends	hell	here	high	in	is	literally	many	memories	my	out	right	school	shit	so	song	tear	the	this	to	track	up	use	was	when
are	changed	had	have	heart	if	in	is	life	line	lyrics	makes	me	much	of	rather	really	remember	reversed	sad	seem	so	song	strike	that	the	there	this	those	time	to	today	vietnamese	want	which	wish	words	you
back	childhood	it	kid	me	mum	my	play	takes	to	use	was	when
always	am	back	broken	but	copy	favorite	fifties	found	got	have	here	in	it	mine	my	of	on	pleased	put	so	song	thanks	the	this	to	was	way	who	youtube
and	banned	been	bonnie	for	from	in	is	lies	lol	my	ocean	over	personally	radio	sad	sadder	school	sing	that	the	think	to	used	we
again	although	and	at	cupcakes	day	didn	film	has	hear	hot	in	it	like	long	love	me	mellowed	nostalgia	of	other	really	reminds	saw	song	soundtrack	summers	teenager	that	the	this	time	to	used	wanted	was	when
2009	6th	and	away	became	boyfriend	but	cassette	ex	first	grade	has	he	him	husband	in	it	late	later	listen	lol	me	miss	my	of	on	our	pass	sent	since	so	song	that	the	think	this	to	use	was	whenever
1988	am	anyway	back	because	brings	chance	every	got	hating	is	jams	kind	memories	my	not	of	one	rapping	rocking	song	the	then	this	was	what	whatever
18	although	and	backseat	car	do	english	even	first	in	is	it	kindergarten	know	learned	means	mum	my	not	of	on	remember	sing	song	still	that	the	this	times	to	was	what	when	year
all	amazing	country	get	love	loved	me	mum	my	never	of	one	over	peter	remind	served	song	still	thinking	this	we	were	while	will	you
and	college	dream	from	got	graduated	great	had	ibm	job	just	memories	what	with
31	again	ago	and	back	brings	dad	died	do	ever	get	good	greatest	her	it	listening	ll	lovely	memories	mum	my	rip	start	the	to	today	voice	years	your
and	better	bless	brenda	child	days	god	great	happy	lee	life	make	marvelous	may	me	memories	now	singer	thanks	those	was	when	you
days	first	for	getting	hear	heard	in	just	me	much	my	so	songs	thank	that	the	time	to	unbelievable	yokel	you	younger
back	brings	happy	memories	was	when	younger
60	all	along	at	back	being	bliss	great	in	me	mums	my	on	radio	right	she	sheer	side	sing	songs	takes	that	the	to	were	would
all	always	am	an	and	bedroom	can	days	deep	elvis	etc	ever	forget	good	he	here	him	his	how	in	looks	my	of	oldie	on	posters	remember	singers	surpass	these	to	tuning	videos	voice	wall	was	when	wonderful	you	younger
18	1976	and	back	be	just	listen	old	taken	this	to	want	whenever	years
back	beautifully	bring	classical	hauntingly	song	songs	these	what
all	and	at	girlfriends	great	it	jukebox	just	my	on	radio	remember	thank	that	the	time	wow	you
and	be	can	childhood	cried	day	every	forever	getting	healthy	just	loved	me	my	older	one	people	realized	return	sell	stay	that	the	them	ticket	to	want	way	were	when	who	with
childhood	cry	forever	make	me	memories	of	remind	young
71	also	am	and	childhood	comes	feeling	have	he	his	in	jim	listened	love	me	music	nostalgic	now	puts	reeves	since	the	to	tunes	with
francisco	great	my	on	san	song	that	time	to	was	way	what
and	back	bringing	by	can	comparison	day	feel	for	fore	kids	knew	looks	mattered	modern	more	music	musical	never	nostalgic	offerings	pale	real	realize	so	than	thank	that	the	themselves	they	time	to	today	when	you	youtube
about	forgot	memory	now	that
albums	back	brings	friends	listening	my	precious	teen	to	with	years
after	album	boyfriend	first	loosing	my	out	such	this	voice	wore
all	and	brain	childhood	coming	great	is	life	memories	my	song	to	youth
awesome	back	brings	memories
72	and	bought	days	first	good	im	it	now	off	old	out	reach	record	remember	still	the	those	was	where
all	back	best	clearly	come	me	memories	my	song	this	to	with
being	country	fed	figure	force	go	it	kid	love	music	now	old	remember	this	was	when
60yrs	ago	an	and	dad	days	fast	go	gram	great	his	magical	masters	moments	mum	old	on	putting	radio	remember	so	this	time	voice
2019	days	dec	from	good	greetings	listening	mabuhay	northern	of	old	part	philippines	reminiscing	the
2019	all	and	are	but	flashback	gone	july	memories	my	of	only	remains	uncles
album	childhood	christmas	favorites	from	grew	listening	my	of	one	still	their	to	up	voice
and	as	at	danced	happy	high	in	maine	my	our	portland	roller	school	skated	song	sweethearts	the	to	we	wedding	well	were	wheels	when	wife
1985	86	and	country	doing	during	favorite	great	help	it	kid	love	me	my	of	one	please	sing	song	soulful	sweet	this	to	was	when
1976	6th	all	back	brings	class	during	glasgow	grade	hansen	in	many	memories	miss	montana	my	played	so	songs	teacher	thanks	their	this	year
again	davis	do	first	hard	heard	remember	skeerter	the	this	time	to
always	genesis	me	of	punk	reminds	rock	song	the	this
are	dancing	do	grandparents	hope	memories	my	of	still	sweet	they	wherever
70s	as	back	fresh	give	had	in	missed	much	sadly	so	sounds	still	the	today
1954	age	and	anyone	as	at	aware	be	been	born	captured	commented	elvis	emulate	even	gifted	grandmother	has	have	he	his	imagination	in	it	love	many	music	my	never	of	or	others	popular	presence	presentation	really	sound	started	still	the	there	this	through	to	today	voice	was	who	years
am	car	dad	in	listening	me	my	of	old	on	remind	school	song	this	to	way	when	years
70	back	band	by	catchy	favorite	great	magic	me	my	right	takes	the	think	this	though	to	track	tune	was
18	always	at	beautiful	but	fast	goes	had	it	listen	memories	of	song	that	this	time	to	years
10	63	and	are	brilliant	cam	certainly	classic	era	from	great	hits	is	listening	many	memories	now	of	one	out	so	song	them	there	this	to	tune	vocals	was	when
dad	my	remember	singing	this
cry	girl	just	little	me	my	older	play	see	sister	song	this	to	used	was	when
and	artists	black	do	for	great	it	miss	much	night	on	our	saturday	seeing	sharing	sure	thank	these	tv	very	white	you
1952	as	beautiful	born	entirety	for	hear	in	it	its	lullaby	me	mum	my	sang	so	song	this	to	was	wonderful
and	dedicated	first	heard	is	it	love	music	tara	the	this	to	was	when	you	young
back	bringing	childhood	finally	for	found	hear	it	let	me	my	of	old	on	parents	part	radio	thank	the	this	was	when	years	you
1954	55	afn	and	army	every	germany	great	hdqrs	hit	in	luxembourg	most	night	on	played	radio	seventh	stuttgart	the	uk	us	while	with
birmingham	blades	days	good	me	of	old	reminds	silver	sundays	the
actually	and	family	friends	me	my	of	reminds	song	this
40th	already	beautiful	get	it	more	once	song	this	very	was	when	wish	years	yesterday
back	me	my	of	takes	teen	years
40	and	away	before	behind	beloved	friends	have	leaving	listen	many	memories	memory	my	nearer	of	passed	past	remember	song	still	this	unforgettable	which	while	years
62	and	best	but	chevy	dad	driving	ever	flatbed	forgotten	has	his	in	lol	middle	mom	momma	my	not	of	old	only	passed	remember	rip	say	song	stood	the	time	was	when	while	would	wow	years
28	am	and	back	beach	being	brings	but	by	car	day	fell	felt	for	good	grandma	heard	in	it	just	listening	love	me	memory	my	old	or	remember	she	song	summer	sunny	that	thats	the	this	to	was	we	were	with	years
27	97	age	am	around	at	back	but	childhood	died	flash	grandma	memories	missed	my	of	she	the	to
after	away	first	for	grade	hope	in	kind	life	love	maggie	man	moved	my	oh	shortly	song	th	the	this	to	was	you
back	brings	happy	many	memories
40	about	after	always	am	and	back	be	because	boy	brought	come	doe	eyed	fell	flies	future	he	him	his	in	innocent	knew	love	man	memories	must	name	never	now	of	old	on	optimistic	school	seemed	song	still	the	this	time	to	tv	was	watch	when	with	would	years
concert	for	got	have	he	him	mom	my	of	old	pictures	some	took	visited	when	ya
30	ago	am	boy	from	in	long	mind	my	primary	romantic	school	so	song	time	when	years
and	back	could	days	during	how	listen	lovely	many	meaningful	old	performing	see	so	songs	the	them	time	to	turn	we	wish
30	47	am	and	as	australia	away	beautiful	blue	caught	child	dad	from	have	heard	hearing	husband	in	it	just	my	not	of	on	out	sing	song	started	straight	sung	the	this	to	western	whilst	words	years
1963	50	and	back	barber	came	can	cents	dad	during	for	go	haircut	home	in	like	lunch	morning	my	no	of	on	paid	plus	saturday	shop	sitting	snowy	sounds	the	there	tip	waiting	we	went	winter
as	be	beautiful	being	cannot	child	from	furniture	gramaphone	grandparents	great	house	in	it	itself	jim	listening	made	my	of	piece	played	remember	replicated	rose	small	so	somehow	songs	sound	such	suited	that	the	these	to	today	tone	vacuum	valves	voice	was	well	with	wood
70	benson	childhood	for	from	great	me	my	of	reason	reminds	robbie	some	song	this	tune
and	childhood	clearly	comeback	favorite	me	my	noise	of	omg	radio	song	the	to
and	cared	listen	only	she	singer	teenager	that	the	to	was
2018	beautiful	even	for	in	marvelous	moments	remember	song	thanks	these	to	what
album	childhood	engelbert	humperdinck	is	list	my	play
again	but	could	friend	good	had	her	july	left	miss	my	over	see	she	still	wish	years
2016	always	and	back	beautiful	before	brings	daughter	died	happy	her	mant	memories	miss	our	so	song	wonderful
and	brings	car	carpenters	good	hear	in	it	loved	me	memories	mom	my	of	riding	singing	so	songs	the	their	these	to	tunes	when	with
40	an	angel	as	brings	comparing	girl	good	had	idea	in	it	like	listened	long	loved	many	me	memories	merry	much	nice	not	of	one	perhaps	really	so	songs	the	those	time	times	to	very	with	year	years	yester
1974	always	at	brilliant	in	last	me	my	remind	school	song	was	wen	year
ago	days	many	mine	missed	moons	the	younger
arrangement	beautiful	boy	childhood	days	drum	her	how	it	lyrics	memories	oh	perfection	played	remember	so	sweet	the	those	to	voice
76	and	back	be	conversation	dance	days	drink	fantastic	has	hold	intro	loved	me	miss	mobile	not	of	people	phone	really	right	seen	song	summer	takes	the	this	those	to	what	when	with
back	classic	days	don	from	just	like	make	me	my	nowadays	pilot	song	songs	takes	thanks	this	to	younger
16	and	clearly	dancing	mama	my	remember	so	song	this	to	with
away	be	both	boy	can	dad	each	everytime	favorite	god	hear	her	hums	it	late	miss	mom	my	on	played	radio	remember	song	still	the	this	time	too	was	way	when	with	you	young
60s	70s	80s	and	beat	getting	nostalgic	nothing	of	songs	the	to
1950s	alive	and	be	beach	best	bet	billy	boy	early	eckstein	golden	great	had	he	him	if	in	island	lido	live	long	me	my	now	of	on	only	parents	room	see	sounded	sounds	standing	still	the	then	to	took	tour	very	voice	was	were	when	with	young
after	are	back	brings	but	can	closing	days	eyes	forever	have	help	just	lost	memories	nothing	of	play	relive	remove	songs	the	them	these	those	to	us	we	while	yesterday	your
1950s	dickie	from	good	is	lovely	memories	remembered	singer	still	the	valentine
and	away	beautiful	because	cancer	early	from	growing	have	her	lord	loved	me	miss	much	my	of	passed	reminds	sister	so	the	this	to	took	up	we	were	when	young
an	ex	it	love	me	of	reminds	rides	sunday	with
1970	70	am	an	and	backyard	being	childhood	great	have	in	kind	memories	miss	mom	music	my	of	on	outside	own	patio	playing	radio	sitting	softly	stations	sun	the	this	wonder	years	young
always	and	army	came	childhood	home	in	jim	join	left	make	me	miss	mum	my	now	of	on	one	our	out	piece	play	played	player	record	reeves	reminds	she	sure	the	them	they	this	till	to	told	when	wore	would
60	70	alive	and	felt	miss	much	optimistic	really	so	the
and	be	dad	inhaling	listen	my	nostalgia	song	soon	the	there	this	to	was	would
1973	date	first	in	lingers	memories	my	singing	song	this	was
and	brings	oldies	past	tears	times
am	enough	liked	meaning	music	now	of	old	song	thank	that	the	to	understand	was	when	you	young
afternoon	beautiful	every	in	middle	miss	my	plays	school	song	that	this	times
14	21	30	ago	another	anyone	cheated	dad	dated	else	ever	has	he	his	if	is	let	love	man	married	marry	mary	me	mother	my	name	naver	not	old	on	or	passed	she	song	this	thornwell	wait	was	years	you
again	also	and	are	as	at	be	bringing	can	cousins	didnt	doing	down	drive	emotions	fill	get	go	gone	good	great	had	her	hey	innocence	karen	kids	lane	life	memories	memory	music	my	not	nuts	of	old	on	or	real	record	records	rip	sad	seems	so	soon	spin	that	the	these	to	trip	up	used	voice	was	we	weekends	what	when	years
14	82	all	and	back	brings	danube	exactly	falling	feeling	first	girl	hand	in	kiss	like	listening	long	love	memories	of	old	on	shores	song	summer	that	the	this	tied	to	walks	with	year	years
73	around	elvis	had	in	king	late	let	me	mother	my	old	stay	talk	the	this	to	true	up	was	watch	years
me	reminds	song	this	was	when	young
and	back	by	changed	gone	good	had	has	how	in	it	looking	makes	much	on	rather	sad	seems	so	that	the	times	today	was	years
dad	dads	favourite	he	last	lost	me	my	of	one	reminds	singers	song	that	this	year
and	artist	brilliant	everlasting	from	great	greetings	ireland	music	my	of	youth
back	brings	ever	it	marvelous	memories	so	song	tastefully	we	were	what	young
13	ago	at	boyfriend	cause	cry	field	had	him	it	just	long	loud	me	memories	myself	of	old	on	or	out	over	reminded	sing	so	song	this	to	trips	used	was	years
55	born	first	in	literally	memory	my	of	one	songs	the
brought	child	commercial	me	memories	remember	song	sweet	this	to	tv	was	when
14	20	90s	after	and	ask	best	bullshit	but	called	contact	courage	during	early	ever	facebook	first	flowing	for	found	friends	girl	got	had	happily	her	in	is	joking	kids	later	laura	living	long	love	married	me	messages	met	my	never	of	old	on	our	out	part	plucked	separate	the	time	to	true	up	was	ways	we	went	year	years	young
ago	and	dad	died	he	hear	him	it	me	miss	much	my	of	play	reminds	so	song	this	to	used	very	when	years	you
21	28	after	bought	car	cd	crying	divorce	down	driving	ended	first	had	in	is	later	loud	love	marriage	my	remember	rolled	song	still	the	this	turning	up	very	windows	years
11	15	1927	2009	april	dancing	feb	in	jensen	june	living	mom	my	our	remembering	room	song	this	to
but	grew	hall	like	loved	on	party	rock	roll	songs	still	teenager	then	this	town	up	was	with
13	but	died	favorite	mums	my	song	this	was	when
and	are	around	dad	delivered	heads	in	is	lovely	message	minutes	music	only	our	play	records	remember	ring	singer	song	songs	still	the	these	thumbs	to	unbelievable	up	used	voice	well
brenda	davis	didn	exposed	grew	had	it	know	listening	of	skeeter	song	soul	this	to	until	up	version
ago	an	asked	be	because	couldn	decades	developed	did	different	done	from	had	have	he	him	if	impossible	interview	is	it	learned	like	never	nobody	person	probably	remember	roy	said	sang	someone	something	style	tell	that	to	told	why	with	would	young
back	brings	favorites	lovely	memories	my	new	of	old	one	song	timeless
age	anymore	beautiful	because	but	crazy	did	do	laugh	listened	love	makes	memories	miss	not	now	recall	songs	still	the	things	those	was	when	young
and	as	back	could	covey	did	emotion	female	fifties	in	lyrics	of	singers	sixties	such	sweet	the	they	today	voice	wish
as	best	her	is	kid	memory	my	of	song	this
23	age	back	brother	crying	died	hearts	him	his	jimmy	my	name	never	stopped	want	was	we
2019	29	and	back	brings	dated	girl	her	impossible	is	it	june	lane	listening	lot	me	memory	owed	pay	song	taught	the	this	to	today	who
feeling	my	nostalgic	school	time
59	almost	and	back	brings	but	country	crash	death	favorite	forever	great	his	in	jim	live	memories	music	my	of	one	plane	reeves	shattered	singers	song	this	untimely	was	what	will	world
beautiful	end	nostalgia	of	song	the	world
back	came	club	day	days	good	in	jumping	old	on	song	the	this	was	when
40	50	60	about	and	anything	as	but	from	great	in	kid	lou	loved	nc	never	raleigh	song	the	this	thought	top	what
1962	ames	boone	born	character	connect	dad	daniel	didn	ed	in	it	later	mingo	much	my	niece	on	playing	quite	remember	series	she	sing	song	the	this	to	until	was	well	when	would
always	and	as	believe	can	crying	dad	for	gone	he	is	life	long	loved	man	me	mom	my	oh	on	posting	sang	singing	thanks	this	to	write
1968	and	engelbert	glad	grew	high	in	it	loved	music	real	released	school	so	song	that	this	up	was	when	with
all	an	around	at	awesome	back	cheer	down	face	good	grin	had	how	it	lane	live	long	many	me	memories	memory	much	music	my	on	other	so	song	thank	that	the	then	this	time	trip	was	we	where	wonderful	you
evokes	happy	many	memories	thanks
13	1963	and	explosion	happening	in	music	was
be	beautiful	brewer	but	cleaning	don	growing	hearing	her	house	just	like	mom	my	of	really	remember	she	sing	song	sounded	teresa	the	this	to	up	use	voice	was	when	with	would
back	bring	build	can	machine	music	must	need	please	someone	this	time	we
car	childhood	in	listen	me	my	of	reminds	song	the	this	to	used
after	am	and	big	brewer	fan	father	for	great	he	her	kinda	lady	loved	me	much	my	named	partial	sharing	so	songs	teresa	thanks	to	voice	was
and	are	fav	for	her	it	just	late	lonely	love	me	memories	my	of	reminds	she	sister	songs	these	to	us	used
all	away	back	best	brings	british	fast	great	had	high	invasion	memories	music	of	school	slipped	some	that	the	too
all	back	best	clearly	come	me	memories	my	to
ex	girlfriend	me	my	of	reminds	song	this
80	and	back	brother	drive	from	good	in	lake	me	my	of	reminds	reservation	roads	song	sunrise	the	this	times	to	use	when
ago	brought	country	is	kind	long	me	music	of	that	the	this	time	to	very
1966	certainly	changed	for	got	hair	have	hey	high	in	kicked	long	my	of	out	school	that	time	wearing
62	ago	always	and	dad	for	him	married	me	miss	much	mum	my	of	passed	reminds	very	years
45	67	alive	and	bought	came	favorite	have	in	is	it	me	memories	mom	motown	my	out	record	song	sound	still	the	then	this	was	well	yo
12	1976	70	aged	at	belts	best	but	disco	ever	funfair	holiday	in	it	love	me	minehead	my	nearly	no	of	off	one	records	reminds	safety	spinning	summer	the	this	thrown	waltzer	was	when
childhood	me	my	remind
16	about	and	aunt	back	brings	cousin	cute	dum	everywhere	favorite	go	haha	he	his	is	little	lonely	lot	memories	my	only	orbison	play	roy	singing	so	song	this	to	used	was	when	yeh
day	friend	my	old	remember	the	was	with
and	back	bring	candy	childhood	fond	from	jim	listening	memories	miss	mom	momma	my	of	oldies	over	remember	such	these	to	you
50	60	70	80	all	and	back	being	better	brings	could	feelings	from	had	hear	in	inside	life	love	me	miss	music	my	of	older	on	place	radio	song	songs	sung	that	the	these	to	touched	understand	when	words	you
57	am	an	be	but	child	country	hood	in	into	me	music	my	not	on	really	remind	this	to	weeks	will	years	yes
1973	and	angel	away	back	carpenter	have	in	karen	may	me	mother	my	of	passed	rip	song	takes	the	this	time	to	voice	you
1974	album	all	always	and	are	around	arrangements	back	be	bringing	brothers	cathy	every	fell	floor	had	her	house	in	karens	listening	living	love	masterpiece	music	my	neighbor	none	of	on	over	player	pop	princess	record	remember	room	sat	second	she	singles	song	that	the	to	voice	we	when	will	with
70s	growing	in	kid	me	of	reminds	song	the	this	up	was	when
brings	children	comfort	listening	lot	loved	me	music	my	of	parents	played	the	they	this	to	too	we	were	when
1973	64	am	and	be	but	feel	forever	greatest	hit	is	it	like	remember	september	still	was	when	will
about	great	kid	little	makes	me	remember	song	still	the	this	times	was	when
60s	again	amazing	and	are	as	before	born	came	can	captial	every	gold	grow	harmonys	it	just	listen	love	mum	music	my	on	out	over	song	sunday	the	their	to	up	was	with	years
anymore	back	because	broke	eyes	first	going	heart	in	listening	me	my	not	of	rise	song	sun	takes	tears	the	this	thought	to	was	yeah
best	grew	happy	memories	of	one	the	up	with
am	cause	crying	dad	days	it	listen	me	my	of	old	reminds	song	the	this	to	when	with
beautiful	every	hear	kind	listen	miss	mom	morning	much	my	of	she	so	song	sunday	this	to	used	when
12	51	am	and	back	boy	bring	can	changed	first	has	heard	high	it	junior	just	love	many	me	memories	much	my	now	school	smiles	so	song	still	tears	teenage	this	time	times	to	was	when
actually	against	all	always	and	are	back	brings	but	chinese	countries	different	doesn	each	english	fight	for	happy	humanity	it	kid	listen	loves	many	me	memories	mom	my	now	other	played	races	remember	said	see	she	so	something	song	still	that	there	this	till	to	together	ugly	understand	us	was	we	weeping	when	which
60th	anniversary	at	beautiful	danced	diamond	forever	last	memories	my	parents	song	such	that	their	this	to	wedding	weekend	will
always	back	banger	cars	do	great	in	lorry	meeting	on	our	played	race	racing	the	this	times	to	used	way	we	were	when	with
always	and	as	back	cruise	dad	dances	did	everything	for	from	generation	goes	head	hear	in	living	love	me	mom	moms	my	now	of	on	passed	reminds	song	the	then	they	this	were
already	always	and	because	best	but	can	dad	dance	danced	daughter	during	even	first	gone	hand	hands	happened	he	heart	high	him	his	hold	how	hug	in	junior	last	lend	love	me	memories	miss	much	my	night	our	papa	played	prom	remained	remember	saying	school	senior	so	song	that	the	thing	this	tight	to	was	when	with	you
ask	back	damn	dance	dances	high	jr	me	nerve	school	someone	takes	the	to	up	working
60s	70s	always	dad	drives	every	he	love	my	on	really	song	this	time	turns
alive	all	am	and	back	brings	felt	great	had	it	life	so	stell	then
childhood	fine	from	gentleman	jim	my	on	our	parents	played	player	record	the	this	tune	tunes	when
80s	and	depressing	early	ever	had	heard	it	kid	most	mum	my	on	remember	song	tape	the	thing	thinking	this	was	when
at	bbc	chicago	dancing	disco	great	in	memories	the	this	to
15	20	am	far	favorite	is	my	now	old	so	this	until	was	when	years
and	dad	me	mom	my	of	omg	reminds	this
for	marvelous	moments	much	nice	remember	so	thank	these	to	you
eyes	in	my	nostalgic	tears
15	am	and	at	brought	childhood	eyes	friend	have	it	listen	me	my	of	really	reminded	sang	school	since	tears	this	to	today	was
40yrs	about	ago	always	at	beautiful	by	club	engelbert	last	listening	me	night	remind	so	song	the	this	waltz	when
beautiful	brings	childhood	is	me	memories	my	of	part	pilot	songs	thanks	these	to
after	agree	albums	all	always	and	away	awesome	been	best	books	brother	elvis	ever	few	freaking	from	got	had	handsome	have	he	his	history	in	intrigued	it	just	library	made	man	millions	my	of	one	out	passed	peace	presley	read	records	rest	so	songs	the	then	there	this	was	with
appear	because	generation	hear	it	make	me	new	nostalgia	old	really	song	songs	thank	the	to	want
17	another	army	at	be	bitter	but	exact	first	for	home	it	join	just	left	memory	morning	of	old	on	out	playing	radio	really	record	story	sweet	that	the	time	to	turned	was	years
every	father	heard	memories	morning	mother	my	song	sung	this	those	to	up	was	when	while	woke	young
childhood	days	my	reminiscing
back	bring	childhood	engelbert	humperdinck	love	memories	songs	thank	you
back	brings	brought	called	crap	eyes	for	grandchild	many	me	memories	my	so	song	tears	this	to
2018	all	amazing	back	best	clearly	come	listening	me	memory	more	my	natural	once	talent	to	very	voice	what	who	wow	yesterday
11	always	and	away	but	cd	grandad	he	him	learned	listens	lost	love	me	miss	my	on	passed	sadly	the	this	we	when	will	with	words
12	1963	brenda	in	lee	old	pretty	remember	such	very	voice	was	well	with	years
and	billy	eckstine	feel	for	full	hearing	me	melancholy	memories	nostalgic	of	sing	so	song	this	voice	warm	what
10	16	53	and	as	back	came	crush	days	feeling	for	found	girlfriend	got	had	hearing	heartache	it	just	later	listening	lyrics	me	miss	music	my	now	of	old	out	really	remember	same	sign	song	that	the	this	those	to	true	were	who	written	year	years
back	brought	cassette	classic	kid	listen	memories	much	on	so	song	this	to	used	was	when
and	beautiful	nostalgia	so
at	def	down	good	listening	remember	reminiscing	rink	skating	the	this	times	too	track
age	days	high	me	my	of	reminds	school	song	this	wonderful
back	better	brings	good	it	love	many	memories	much	so	song	songs	thank	then	this	were	you
afternoon	always	cassette	me	mom	my	of	on	play	reminds	sunday	this	vibes
back	lady	me	of	reminds	song	special	takes	this	way
and	childhood	father	listen	my	often	remember	sings	song	this	to
always	dad	for	growing	miss	mom	my	played	song	this	up	was	when	you
10	45rpm	and	bringing	brother	favorite	home	my	on	record	remember	this	was	yardbirds
12	about	and	beautiful	begin	girls	hear	just	my	myself	of	remember	romantic	romanticism	said	so	song	thank	that	to	vision	was
2019	60s	70s	and	back	childhood	listening	me	november	of	really	remembering	songs	take	the	these
absolutely	and	be	beautiful	ernie	feel	ford	forgotten	hear	it	lovely	makes	me	never	of	past	should	song	that	the	this	voice	whenever
12	1963	after	alabama	allowance	and	anything	at	brenda	buy	case	cent	couldn	earnings	earplug	else	every	everyday	fair	got	greater	gulf	her	in	japanese	just	lee	little	love	meet	minute	mobile	my	night	of	old	on	one	performance	performed	played	radio	records	single	sleep	so	songs	state	stayed	that	the	think	to	transistor	was	went	with	years
2015	and	back	beautiful	been	brain	comes	days	down	embedded	fifty	filtered	flooding	granddaughter	grandsons	had	has	have	in	into	is	later	little	me	my	nine	now	of	old	only	or	parts	since	so	song	subconscious	this	three	to	ve	was	wonderful	years	yes
50	60	70	73	80	about	although	and	angel	as	big	but	called	contemporaries	course	day	every	for	friends	glad	graduated	great	have	hs	in	just	knew	love	loved	me	memories	my	of	oldies	sisters	song	songs	teen	thanks	that	the	these	to	well	words
55	am	and	at	dancing	for	has	love	mother	my	now	only	parents	passed	posting	remember	song	thank	this	to	was	watching	wedding	you
day	miss	old	really	the
always	anytime	be	because	careful	daddy	favorite	hear	if	is	it	miss	music	my	remember	song	this	you
all	and	back	can	club	go	in	played	remember	song	teen	texas	the	they	this	time	to	used	when
30	about	after	again	and	back	best	brings	childhood	competition	days	during	emotions	ever	finding	for	forgot	growing	it	like	lived	memorized	my	of	one	past	singers	singing	song	tears	that	the	this	up	was	years	yesterday
attached	big	come	did	in	know	little	many	memories	my	mysterious	place	so	song	teens	the	then	this	to	was	what	wonderful	world
actually	baby	chorus	dad	daughter	ever	first	for	haha	heard	is	just	my	of	sharing	she	sing	song	step	thank	the	this	time	to	used	ve	video	was	when	whole	you
and	beautiful	close	cry	eyes	flashback	had	have	is	listening	love	memories	most	my	song	still	that	the	to	when
and	girl	it	listened	little	lot	loved	song	thanks	this	was	when
amazing	and	anthony	beautiful	clich	concerned	full	is	memories	no	of	song	this	time	walsh	where
all	and	away	back	be	brings	but	didn	family	felt	friends	great	heart	it	know	last	many	memories	moved	my	or	past	some	song	the	then	this	time	together	were	would
am	amazing	and	been	childhood	every	feel	have	in	is	it	like	listen	listening	made	me	my	night	old	since	sleep	song	this	to	was	years
back	beautiful	childhood	loved	me	my	takes	this	to	track	very
and	cant	father	first	found	gradually	help	in	just	kid	listen	lyrics	many	music	my	now	passed	room	so	song	stop	tape	tears	the	this	to	understand	was	when	years
again	back	days	these	were	wish
1988	backyard	best	dance	friend	in	is	learning	my	remember	slow	song	summer	the	this	to
all	amazing	era	fell	for	grow	in	just	listening	love	lucky	memory	music	so	thanks	the	these	to	up	was	where	wonderful	you
am	beautiful	brings	for	good	it	kind	me	memories	music	of	song	thankful	that	very	was	when	younger
everytime	granddad	his	love	me	my	of	phenomenal	reminds	voice
always	back	bedroom	below	from	kitchen	life	me	mother	my	playing	radio	sun	sunset	sweet	takes	that	then	to	up	was
an	as	chair	clack	clipy	daddy	go	he	in	love	me	my	old	rocking	sing	sleep	song	that	this	to	use	was	would
and	back	band	bringing	darlington	done	england	fabulous	for	great	lovely	memories	shirley	song	thank	well	what	you
17	1962	56	ago	all	along	friends	from	going	here	in	it	korea	lyrics	memorize	my	now	old	over	popular	sing	singing	song	songs	speakers	the	this	through	to	town	was	when	with	years
16	1963	cry	for	in	it	makes	me	my	was	youth
as	back	beautiful	bringing	childhood	days	favorite	for	good	happy	is	it	karen	lots	me	memories	miss	most	much	my	of	old	one	reminds	singing	song	songs	such	thanks	the	this	wonderful	years	you
along	boone	came	can	clearly	danial	door	ed	first	from	green	hear	hilarious	it	now	oddly	on	radio	remember	the	voice	was	when
80	and	are	at	best	boy	dancing	era	ever	girls	in	love	magic	of	one	parties	remember	song	songs	the	this	time	was	we	when	with	wonderfull	young
47	am	and	are	be	can	contents	follow	for	god	grew	heart	his	in	its	jim	lord	many	muslim	my	of	on	one	only	our	places	praise	praises	reeves	seen	so	some	songs	sure	the	this	type	universal	up	well	words
all	back	brings	cafe	great	her	in	little	memories	mom	my	played	the	this	time
beautiful	it	miss	on	remember	shows	that	to	tv	voice	was	watch
30	after	again	and	apropos	first	gives	goodness	innocent	listening	love	me	nice	on	reminds	smile	song	that	to	years
70s	all	and	bath	bathing	dad	he	in	little	memories	mom	my	precious	real	sing	the	this	to	us	used	was	we	were	while
1976	but	certainly	dances	did	find	for	hard	heart	is	it	just	love	makes	many	me	memorable	most	my	of	one	out	records	smile	so	stand	that	the	this	to	tracks	year
13	old	remember	song	this	was	when	years
along	am	amazing	and	are	blessed	both	but	can	curled	dad	deep	fathers	for	give	glad	had	have	he	how	in	lap	life	love	loved	mary	me	miss	most	much	mum	my	on	receive	remember	sat	shared	showing	singing	so	song	still	sung	thank	the	them	they	this	to	together	up	very	voice	was	welsh	while	you
absolutely	again	all	back	can	days	get	how	is	love	miss	never	sad	song	that	the	there	this	those	time
and	back	brings	broadcasting	classic	corp	day	enjoy	excellent	hear	in	memories	my	song	srilanka	this	to	used	youth
brilliant	favorite	great	its	listening	little	mom	mums	my	remember	song	this	to	voice	was	when	with
all	an	are	as	asset	consider	corn	crooner	dickie	earned	entertainer	favorite	good	great	guy	like	lovely	make	microphones	missed	music	my	near	no	of	period	rip	sadly	silk	singer	that	the	their	they	this	to	today	voice	was	were	what	when	where	words	writers	writing	you
chester	childhood	heart	love	me	my	of	pa	reminds	song	sweet	this
as	at	charge	church	got	in	it	liked	much	my	of	out	person	play	played	remember	so	song	the	this	to	was	we	wedding	went
days	end	good	never	old	the	they	thought	we	yes
alright	back	brings	classic	many	mate	memories	so	thank	you
all	and	anymore	back	beautiful	brings	childhood	here	memories	my	not	of	some	song	them	this	was
above	all	amount	an	back	bitter	bringing	cherished	enormous	many	memories	of	sweet	yup
and	back	familiar	lyrics	me	old	rhythm	take	the	time	to
flies	how	oh	only	time	was	wow
but	cassette	for	from	horrible	it	listened	my	quality	radio	recorded	recorder	remember	song	teenager	the	this	to	was	when	years
and	back	band	good	great	like	now	round	someone	sound	then	there	this	times	was	what	wish
70s	back	brings	early	good	growing	in	memories	the	times	up
12	1966	ahead	are	but	cats	deserved	for	given	great	memories	music	musically	never	of	old	only	priceless	props	rightly	so	the	their	then	these	they	time	was	way	were	yardbirds	year	years
50s	and	back	family	lovely	me	my	nostalgic	of	sing	singer	some	song	songs	takes	the	these	to	used	very
all	beautiful	day	first	for	great	heard	it	most	of	remember	song	that	the	thought	time	was
die	hard	me	memories	my	of	reminds	youth
80s	being	humming	nostalgia	of	proud	song	this	was	when	young
all	back	beautiful	bring	for	gone	grew	is	just	love	many	me	memories	music	of	one	shame	she	so	songs	that	them	these	this	those	types	up	voice	with
80s	and	back	build	go	machine	need	the	time	to
again	and	back	be	by	dream	few	for	gone	great	happier	look	miss	moments	of	there	these	times	to
am	in	it	kindergarten	love	made	me	past	play	remember	song	teacher	the	this	when
after	all	believe	but	day	hard	he	less	passed	re	than	this	to	we	years
back	best	life	me	my	of	please	take	the	times	to
07	1977	2019	august	carpenters	exactly	husband	in	many	memories	met	my	nice	on	radio	so	the	today	were	wonderful
great	group	holds	loved	memories	music	still	that	this	up	wonderful
at	blackstone	crossroads	is	laura	lived	now	remember	she	where	wonder
is	marvellous	memories	miracles	music
back	could	damn	days	go	these	to	wish
from	it	love	remember	song	the	very	was	when	young
1965	2018	25	53	60	78	all	and	back	band	called	days	decca	for	fun	gets	golden	good	got	great	had	has	heard	hello	in	included	it	june	just	knows	list	lost	made	me	might	miming	music	net	old	on	our	play	played	presidents	radio	recording	reflection	released	rock	romance	singing	so	takes	that	the	this	to	together	trend	video	was	we	when	who	years
88	89	and	back	been	brings	came	day	everybody	fl	for	good	got	groups	have	in	it	looking	lot	man	memories	name	never	new	now	of	one	out	song	thanks	the	there	this	tyndal	was	when	years
back	been	different	experienced	had	have	head	lot	my	on	shoulders	then	things	this	wish	would	younger
but	childhood	dance	end	forever	great	in	it	last	lingers	listen	mind	must	my	nice	on	should	song	still	the	to	until	waltz
60	70	and	fantastic	for	good	he	rock	that	the	times	were	years
feel	great	had	it	listened	love	make	missed	never	people	place	rewind	something	the	to	tried	where	who	wish	you
80s	and	at	because	car	deceased	didn	each	favorite	for	getting	give	hard	her	in	it	knew	know	listen	love	me	mother	my	now	of	other	out	really	she	sing	something	song	that	the	this	time	to	turn	up	used	usually	was	we	what	with
ate	back	brings	memories	miss
miss	much	remember	so	song	still	them	this	was	when	young
6rtr	germany	happy	memories	munster
all	and	around	being	child	dad	fabulous	how	it	memories	miss	mum	music	of	oh	seaside	the	this	trips
childhood	lots	memories	of
dad	had	him	how	if	known	me	miss	much	my	of	only	reminds	would
1970s	back	days	early	elementary	in	me	my	school	takes	the	to
and	back	dad	day	drinks	family	few	friends	get	great	have	in	loved	me	mum	of	reminds	songs	the	these	times	togethers	who	would
1980	all	and	discos	had	in	machine	madrid	play	pubs	the	they	this	time	to	used	wish
58	all	at	before	booth	bought	changed	chemist	have	in	it	listening	local	my	oh	our	remember	this	times	to
everyday	him	his	listening	me	mum	my	of	played	reminds	songs	to	who
after	are	back	best	come	cry	even	friend	happy	just	long	lost	make	me	memories	miss	never	now	once	really	show	they	those	times	up	where	will	yesterday	you
1980s	but	cool	don	guy	like	lil	little	look	man	miss	oh	one	the	wayne
dad	every	miss	morning	my	parents	played	saturday	song	this	you
2002	always	being	for	generations	grandparents	head	in	it	loved	me	my	passed	play	since	song	stuck	the	this	through	was	would
and	away	best	both	boyfriend	first	friend	from	him	kept	me	my	of	on	over	playing	reminds	shame	song	stole	them	this
and	back	both	brings	early	happy	left	memories	music	sad	too	us	you	your
70	back	but	changes	dad	didn	do	for	how	in	it	jim	listening	loved	me	my	reeves	teenager	the	then	things	time	to	was	when
and	beautiful	child	dad	had	he	him	it	love	me	much	my	of	oh	reminds	sing	so	song	such	this	to	use	very	voice	was	when
cry	days	listened	loved	made	me	missed	so	song	songs	strongly	the	this	those	understand	when	you
50	after	ago	and	apart	back	clock	could	drifted	gail	if	listening	love	miss	much	only	so	still	the	this	to	turn	we	years	you
child	feel	for	music	nostalgic	thank	this	very	was	you
and	are	asked	beautiful	both	but	father	going	gone	he	her	him	in	into	law	loved	loving	mary	miss	mother	much	my	name	people	so	song	them	they	this	to	war	was	were	world
every	forever	happy	it	love	memories	party	played	song	this	we	were	when	will	young
ago	all	can	chronic	constant	danced	dancing	engaged	got	he	husband	in	it	jim	like	listen	live	love	me	mining	much	my	no	of	one	over	pain	passed	reeves	reminds	sing	so	song	the	this	to	we	when	who	with	worked	world	years
album	back	car	could	finally	found	grandpa	in	it	japan	listened	many	my	oh	only	remember	shalalala	so	this	to	years
back	brings	it	me	memories	mom	my	really	sing	this	to	used
1966	and	born	by	everyone	from	great	in	loved	missed	number	one	singer	song	the	this	was	well	years
always	and	cash	granddad	jim	johnny	liked	listening	me	my	of	reeves	reminds	to	who
back	bringing	days	happy	memories	they	were	wonderful
happy	in	me	my	of	parents	reminds	times
about	ago	another	as	because	dad	find	girlfriend	guy	him	his	is	kid	left	long	me	my	one	sad	song	then	this	time	was	who
how	miss	oh	simple	them	times
1970	but	cry	dance	every	favourites	grandfather	grandparents	had	hear	hearing	in	it	jukebox	love	makes	me	my	of	on	one	pub	the	this	time	to	used	was	with	wonderful
14	15	and	around	at	contest	danced	dancers	days	early	for	in	love	me	most	my	of	old	part	party	philippines	really	reminds	romantic	sister	song	that	the	think	this	time	to	was	years
brilliant	brings	me	memories	this	to
18	30	80	after	again	ago	and	back	better	but	can	first	he	high	in	is	it	love	me	music	my	never	nothing	now	our	school	sing	singing	succeed	sweetheart	than	the	they	this	to	true	try	used	was	with	years
hear	many	memories	so	this	when
always	and	but	days	gentleman	have	is	jim	love	loved	mary	my	name	remember	this	those	too	was	well	young
again	and	at	back	beautiful	believed	brought	check	cover	day	feel	free	good	has	have	in	it	lot	many	me	means	memories	my	nice	on	ones	out	page	please	remember	school	singing	slow	so	song	thanks	that	this	time	to	was
2019	back	bring	hahaha	me	memories	nice	song	this	to
1980	about	and	car	forget	happy	her	in	kill	lady	love	makes	me	miss	never	she	so	song	the	think	this	together	was	we	were	when	will	wreak
1997	59	aged	an	and	around	as	australia	belfast	both	child	died	drinking	from	in	incurable	just	left	missed	mother	murray	my	of	romantic	ruby	sadly	same	she	sing	smoking	soon	sydney	the	this	time	to	too	used	victim	was	when	world
ago	and	brothers	childhood	for	good	long	memories	my	remember	sisters	thanks	time	uploading	with
again	almost	as	back	be	brings	is	it	listen	many	memories	never	of	painful	period	so	song	that	this	time	to	will
60s	70s	again	all	and	back	big	breakfast	bring	could	dad	dean	does	early	every	fix	for	go	gosh	hank	jim	jimmy	jones	late	memories	morning	my	nearly	of	on	one	or	pancakes	put	reeves	sausage	some	sunday	the	this	to	us	williams	wish	would
and	each	every	in	many	memories	so	song
as	back	brings	father	favorite	great	his	in	jim	kid	listening	lps	memories	my	of	played	player	record	reeves	the	to	voice	when
back	brings	childhood	from	great	is	memories	my	song	this
1977	9th	and	fell	first	from	grade	graduation	high	in	it	john	jr	love	loved	my	now	of	real	school	song	summer	the	then	this	wannamaker	with	year
and	beautiful	ever	great	hank	have	him	locklin	loved	memories	since	thank	you
ever	first	for	many	memories	my	record	thanks	the
40	about	ago	away	brother	children	hearing	him	is	it	listening	loved	me	music	my	now	of	passed	reminds	some	this	to	we	were	when	who	with	years	younger
back	brings	great	memories	song	such
75	how	last	like	made	many	my	now	of	playing	songs	still	them	these	todays	was	will	youth
an	awesome	bro	brother	cat	died	few	greatest	have	hear	in	is	memory	music	my	of	roy	stevens	thats	the	think	those	though	tie	whenever	who	with
back	birthday	brings	buying	first	for	many	memories	my	record	remember	sister	so	this
back	brings	from	great	memories	song	teenager	was	when
about	always	am	and	as	be	but	carefree	cry	days	every	forever	good	how	it	its	kept	life	listen	makes	me	memories	old	on	only	places	remain	reminded	right	song	that	things	this	those	time	to	was	were	will
32	after	and	first	her	love	loving	many	memories	met	mine	my	never	reconnected	so	song	stopped	this	to	was	we	years
can	days	every	had	in	into	just	listen	making	miss	myself	night	song	stop	tears	the	this	time	to	we	when
away	back	days	from	my	oh	ya	yes	young
1970	and	british	club	days	happy	legion	loved	me	people	reminds	song	the	this	tranent
1960s	always	and	bus	days	fairground	girl	go	happiest	happy	her	innocence	largs	life	little	loved	me	mum	my	of	on	pal	playing	remind	song	such	the	this	to	trip	used	waltzers	was	we	went	when	will	with
1968	as	at	back	beautiful	dance	gramophone	griffiths	has	instructions	me	memories	mrs	on	our	played	primary	school	shouting	song	student	taking	teacher	this	to	us	waltz	we	when	with	would
80	are	best	childhood	music	my	remembered	the
2019	airport	at	broken	first	goodbye	he	heart	here	high	love	me	moving	my	of	out	reminds	saying	school	state	the	to	truly	was
and	back	beautiful	bring	childhood	happiest	memory	my	song	this
days	good	love	old	remembering	song	the	this
and	good	her	remember	sang	song	this	to	was	when	young
another	garbage	great	is	it	makes	me	miss	past	song	the	today	world
1956	about	am	and	as	attention	back	be	beautiful	been	big	can	century	childhood	coming	desoto	everytime	face	father	first	grabbed	had	half	has	hear	heard	honestly	how	in	is	it	karen	later	left	liked	my	nearly	never	now	of	old	on	or	remember	rich	riding	say	seat	smile	song	soon	thank	the	there	this	to	too	truly	us	voice	was	when	with	wonderful	you	yours
back	bring	the	time
and	days	get	hearing	homesick	miss	oldies	those	when
all	and	beautiful	been	brought	danced	eyes	for	girls	god	have	hurts	it	listening	many	million	miss	my	not	of	song	tears	terribly	thanks	that	the	them	thinking	this	to	tune	uploading	with	years
all	brings	eyes	his	many	memories	my	so	songs	tears	to
as	at	grandparents	how	it	listen	lyrics	me	much	my	of	old	play	reminds	seven	song	strange	the	they	this	to	understand	used	years	you
all	and	before	believe	came	can	forgive	have	heard	instantly	it	loved	me	missed	never	on	radio	song	the	these	this	today	years
13	1960	age	ageless	already	and	appreciate	artists	at	beautiful	connie	francis	great	knew	love	many	my	of	others	parents	sing	song	songs	taught	the	this	to	us	used	we
1963	and	dates	days	doze	early	for	get	had	have	hope	in	it	listening	lovely	of	off	on	out	really	right	school	snow	snowy	song	south	the	this	to	upper	us	used	very	was	when	winter
16	but	came	good	incredible	memories	out	this	was	when	wow
11	2014	and	back	car	grandfather	he	heaven	him	in	me	music	my	now	of	our	play	reminds	still	this	was	way	when	would
and	back	beautiful	bring	childhood	days	do	floods	girl	happy	head	hear	hearing	in	is	it	just	little	lot	memories	my	no	of	off	on	out	played	playing	radio	recently	remember	song	the	this	was	when	where
50	back	best	me	music	my	take	thanks	time	to	years
dad	driving	first	good	grade	in	man	memories	music	my	now	old	on	playing	remember	riding	school	son	the	this	to	way	with
an	died	her	laura	love	miss	much	my	name	she	so	was	wife
70	and	better	but	funner	had	it	less	miss	simpler	tech	the	times	was	we	world
19	ago	but	cassette	cassettes	change	collection	growing	it	keeps	mom	more	my	no	nostalgia	only	playing	remember	tape	the	this	through	times	was	years
1988	able	after	all	and	appreciation	away	been	but	came	could	drop	enough	every	father	few	front	growing	has	have	he	hear	heard	him	his	in	lucky	mum	music	my	not	november	passed	pin	play	row	roy	said	sang	seats	see	she	since	such	thank	the	time	times	to	uk	unfortunatley	up	was	weeks	went	when	you
about	always	be	born	can	gentle	have	in	innocent	is	it	no	or	pure	sexuality	sing	singer	so	there	this	those	times	to	today	violence	was	way	who	why	wish
and	are	back	bits	brings	chick	ever	for	get	gone	got	hats	in	it	live	love	me	my	never	of	old	on	phone	school	song	the	this	to	was	were	when	young	your
back	classic	days	do	hanging	in	is	miss	much	on	so	still	sure	there	this	those	throw
beautiful	brings	first	heard	him	is	love	memories	met	most	my	song	that	the	time	today	up	what	wife	woman
19	back	brings	came	good	it	memories	of	out	some	song	that	this	time	was	when
ago	as	boy	high	it	long	remember	school	was	what	young
1977	always	kid	like	me	really	reminding	song	this	was	when
carl	for	memories	nostalgic	thank	the	you
always	childhood	days	everytime	kid	kind	like	listen	music	musics	my	of	parents	play	so	this	time	to	traveling	was	when
ago	holiday	lovely	me	my	of	on	parents	reminds	times	was	when	with	years
70	does	during	early	flood	germany	in	memories	mind	stationed	the	this	usaf	with	wow
about	against	and	anti	beatles	beginnings	burn	did	doob	establishment	first	good	guard	guys	high	if	in	kids	listening	makes	me	memories	most	music	not	of	old	protest	revolt	school	singing	soldiers	sort	still	that	the	these	thing	this	to	too	wanna	was	were	what	when	witnessing	yarbirds	youth
all	always	be	but	captured	childhood	died	everyone	favourite	happy	have	hrs	jim	last	memories	much	mum	my	now	reliving	sadly	shares	she	so	spent	such	thank	the	to	who	will	you
again	and	arranged	beautifully	during	enough	era	great	how	is	it	kind	know	knowing	labor	live	love	lucky	makes	me	music	never	of	produced	real	record	remember	sad	see	smile	that	the	this	to	very	was	we	well	will	written
26	above	adore	and	baby	back	beloved	brings	daddy	father	for	from	he	heaven	high	is	it	kisses	listen	listens	me	my	not	our	remember	song	still	the	this	thousand	times	to	used	was	when	who	with	years
42	after	and	attention	because	broke	choose	competing	for	growing	guy	heart	ladies	me	my	on	other	reconnected	remember	she	song	the	this	to	turned	up	we	years	young
always	back	brings	childhood	good	grandma	grandpa	have	kind	love	makes	me	memories	miss	my	of	ol	songs	the	these	to
anymore	blast	don	for	from	house	in	is	it	just	like	little	make	me	our	past	playing	remember	song	the	them	they	this	very	was	when
coming	daddy	father	hang	he	home	loves	me	much	my	next	of	omg	on	philippines	reminds	so	song	there	this	year
60s	and	as	beautiful	came	colors	down	fantastic	for	girl	hendricks	hippy	is	jees	jimmie	john	lady	loved	me	omg	place	same	screamed	see	shouted	so	that	the	them	they	this	to	uk	was	wearing	went	were	when	who
across	back	bring	me	times	to	yeas
as	beautiful	for	if	memories	one	own	self	song	stirs	written
and	anymore	anything	are	because	before	can	changed	do	fast	fix	from	have	in	innocent	it	like	makes	memories	not	oh	or	past	people	person	re	relive	sad	so	tears	that	the	there	things	to	you
grew	is	it	jim	lane	listening	memory	reeves	to	up
back	brought	days	great	sears	some	song	thanks	this	wow
and	back	had	how	just	loved	mp3	much	my	on	player	remembered	since	so	song	then	this	was
50	60	again	and	at	computer	did	ever	experience	from	great	have	it	no	one	play	sit	song	the	then	time	today	was	we	well	what
after	and	as	beat	beautifully	cancer	carpenter	close	cry	did	doing	each	favorite	forever	friend	from	had	haven	hear	heard	her	hope	identical	if	in	is	joy	karaoke	karen	last	life	liked	lost	made	me	my	not	of	on	or	remind	said	she	sing	singing	song	songs	still	swear	talked	that	the	this	time	to	touch	voice	was	we	were	when	will	years
an	and	angel	beautiful	ever	forgotten	him	his	kid	listened	love	mist	never	of	singing	still	the	to	voice	was	when
days	grannys	it	love	me	music	my	of	old	party	reminds
and	as	child	how	me	miss	mum	of	reminds	rip	sing	so	song	sweet	this	to	used	you
at	back	beats	better	cant	gardens	god	it	me	much	old	roller	rolling	school	skating	so	takes	the	then	top	were	you
1981	after	and	birthday	care	her	is	ladies	love	miss	mum	my	of	on	one	remember	school	shelter	singing	sister	song	tasmania	tassie	the	this	those	to	with	women	wow	years
and	back	brings	dad	dancing	don	great	like	lt	many	memories	mom	music	my	play	remember	sad	song	stories	such	they	this	to	today
brings	heart	memories	mind	my	sweet	thank	to	warms	you
all	along	and	as	back	bring	cry	grow	her	just	listen	listening	memories	my	see	she	sing	song	to	we	with
childhood	cry	happy	made	me	miss	my	of	reminds	song	this	those	times
and	artists	back	brings	great	group	many	memories	so	song
36	ago	an	be	could	cry	days	is	it	karen	lost	makes	me	painful	really	sadly	song	still	these	this	to	today	way	we	weird	wish	world	years	yesterday
80	as	back	change	feeling	for	gonna	in	its	love	my	nothing	same	song	the	this
back	few	me	takes	years
about	ago	all	also	and	as	at	been	but	check	choice	completely	composure	couldn	favorites	for	funeral	grandad	guess	have	his	hit	home	in	is	it	just	kept	lost	makes	mary	melancholy	more	my	named	nan	now	of	one	over	peaceful	perfect	played	quite	really	relatively	service	so	song	soon	started	the	there	thinking	this	throughout	too	uplifting	us	utterly	very	was	which	year
back	childhood	lovely	me	memories	my	takes	to
childhood	from	lovely	memories	such
1980	40	about	age	an	and	back	be	blink	brings	came	cat	childhood	doggo	early	enough	even	existed	eye	feels	first	forgotten	gives	had	her	if	in	ish	it	lady	like	little	live	ll	long	lovely	lucky	me	my	nostalgia	now	of	old	out	probably	right	saw	serenading	song	such	sweet	that	the	this	to	until	warm	was	when	years	yesterday
1950s	1960s	and	during	grand	growing	listening	music	ole	opry	remember	the	to	up
memories	miss	old	those	yes
childhood	love	me	my	of	reminds	this	tune
always	and	by	has	heaven	in	introduced	it	listening	me	memories	mother	my	our	remember	song	thank	this	to	you
2019	am	and	at	back	but	in	january	little	looking	love	me	my	next	nothing	parents	playing	radio	remember	seat	sister	sitting	song	the	to
ago	another	at	can	chinese	day	deeply	english	first	forget	heard	in	is	listening	me	memory	music	my	nearly	never	one	remember	say	small	songs	still	teenager	that	the	this	time	town	twenty	two	was	years	you
and	child	compassionate	confessing	each	every	feelings	filled	flashbacks	for	from	get	in	italy	living	lovers	other	song	southern	street	there	this	was	when	where	with
across	always	back	be	best	but	cement	child	great	hardened	has	heard	just	long	me	my	of	really	since	so	song	stumbled	takes	the	this	ve	version	was	wet	when	will	with	world
17	1987	back	beautiful	brings	him	just	like	memories	much	old	so	song	then	this	was	years
best	childhood	ever	memory	my
and	classics	days	favorite	is	it	me	my	of	one	reminds	song	this	those	timeless
1973	46	again	along	always	and	be	beautiful	came	canadian	carole	dating	experienced	flautist	free	french	from	in	is	lives	me	more	music	my	never	now	on	once	others	place	radio	responsibilities	she	song	student	thats	the	this	through	time	to	transports	was	where	will	with	years	yesterday
and	dad	day	every	just	me	miss	much	mum	my	of	reminds	so	who
but	by	childhood	memories	my	passed	same	stays	the	years
2019	always	anyone	dad	my	remembered	sing	song	that	this
as	days	eyes	gives	gold	grew	in	is	love	me	my	old	recall	song	tears	this	those	we	with
black	college	fantastic	first	for	group	guys	heard	his	in	on	probably	radio	soul	steve	teens	the	these	they	thought	time	was	were	when	winwood
days	good	old	remembering	the
at	back	brings	happy	heard	it	memories	only	schoolboy	this	was	when
beautiful	heart	it	my	nostalgic	sounds	to	voice
1960	and	big	charts	for	hit	in	it	memorable	no	one	teenager	the	this	very	wander	was	weeks
beautiful	nostalgic	song
10	about	after	away	came	correctly	crash	died	disc	he	if	in	jockey	just	mr	news	old	out	over	passed	plane	reeves	remember	said	song	that	the	this	was	when	wire	years
always	and	away	boy	came	children	ever	for	fortunately	going	goodbye	had	haven	he	heard	it	jimmy	kid	later	married	my	named	never	older	out	passed	raised	sang	say	sharing	since	sister	song	started	steady	thanks	they	this	to	two	until	was	were	when	with
16	1963	great	in	my	old	song	was	youth	yrs
brenda	childhood	crush	first	is	lee	lol	me	my	older	she	than	two	years
didn	grow	have	legendary	many	memories	old	so	to	up	wish
as	child	remember	song	thank	this	you
and	brings	childhood	days	love	me	miss	the	to
back	could	days	go	those	to	wish
almost	am	childhood	for	happy	lovely	memories	posting	song	such	teary	thanks	vivid
angst	challenges	child	days	good	life	of	old	play	real	teenage	the	to
1979	an	and	asked	bar	barbados	barmaid	bought	by	coffee	day	dec	disc	europe	first	for	hank	have	he	heard	here	his	in	is	label	lp	middle	name	next	on	paper	pickwick	postings	rare	remember	singin	song	store	thanks	the	this	time	unknown	very	was	when	who	with	wrote
ago	all	and	bless	brother	heartthrob	innocent	life	more	much	my	older	ruby	she	simpler	so	those	was	when	years	you
70s	as	at	awesome	being	cant	for	go	great	him	kid	knock	loved	the	time	times	we
1963	63	accident	also	an	and	avery	bad	basketball	big	brenda	champs	dear	devistating	died	ever	every	for	friend	girl	good	got	graduation	grandfather	great	high	in	junior	kennedy	lost	me	my	never	night	of	part	president	school	second	senior	she	shoot	since	singer	small	songs	state	that	the	very	was	we	well	where	year
40	ago	back	brought	is	it	like	memories	over	really	remember	sears	some	song	the	this	to	was	well	which	words	years	yesterday
all	anybody	back	came	days	did	feel	got	me	never	of	ooh	pain	reminded	same	school	sweet	the	those	who
and	her	like	listen	looked	loved	mom	my	sing	sounded	to	was	when	young
back	brings	good	lol	memories	some
always	childhood	me	my	of	reminds	song	this
and	as	but	by	cried	did	elementary	feeling	first	flies	getting	in	is	listened	lyrics	not	quite	school	song	stronger	the	this	time	to	understand	was	when
always	aunt	ever	grace	great	hear	her	me	my	of	remind	song	this	when
always	and	brother	elder	fantastic	it	listen	my	old	play	popular	song	then	this	to	was	when	years
17	19	1987	30	50	almost	and	as	beach	beautiful	brought	did	each	exactly	girlfriend	gives	have	how	in	incredible	is	it	lot	love	many	me	memories	mind	my	nostalgia	now	of	old	on	other	passed	running	same	so	song	such	the	this	time	to	video	was	watching	we	who	with	wonderful	years	young
first	for	girl	good	made	memories	mix	my	on	song	tape	the	this	was
back	bring	catchy	music	nice	simpler	them	times	tune
an	as	beautiful	changed	during	every	for	glad	gorgeous	had	handsome	history	human	humanity	in	is	knew	men	most	movies	music	must	of	people	pity	say	so	the	there	this	time	was	we	well	were	when	wise	with	women	word	worse	youngster
80s	always	back	best	brings	could	go	good	how	life	love	many	memories	music	my	of	so	the	this	time	to	will	wish
and	back	brings	love	memories	this	timeless
ago	always	and	boy	come	father	find	he	here	in	it	just	little	memories	my	not	now	really	some	song	this	was	when	with	years
45s	all	always	and	as	at	be	bursting	country	day	don	favorite	gave	girl	grandmom	happy	have	heart	hello	home	honey	house	just	little	love	me	music	my	of	on	one	over	playing	remember	said	she	so	songs	take	the	them	this	time	to	until	walls	was	why	will	you
are	for	gem	made	memories	of	posting	share	superb	thank	this	you
and	beautiful	happier	of	reminder	safer	sincere	times
14	15	and	at	bar	barman	came	feed	in	it	jukebox	keep	knew	loved	much	never	of	only	or	out	over	playing	pop	she	so	the	time	to	uk	was	when
again	amazing	back	blast	buried	come	deep	for	from	growing	haven	heard	in	it	like	me	memories	mid	mind	of	past	power	real	seventies	something	song	suddenly	surface	takes	the	this	time	to	transport	up	was	when	wow	years	you	your
back	best	brings	days	fond	golden	good	memories	of	old	the	those	top	very
50	ago	back	brings	cry	it	license	me	song	this	to	years
being	day	ends	every	for	guess	human	it	knowing	listen	literally	little	lots	meant	nostalgia	not	of	reasons	someone	song	suppose	that	this	to	toddler	used	was	what	when	world
away	back	come	memories	my	old	or	please	take	them
13	again	appeared	been	enjoy	for	had	it	lovely	much	posting	so	song	thank	this	to	very	wanting	was	when	you
because	child	cry	funny	it	made	me	my	played	she	sister	this	thought	to	was	when
60	70	and	at	entertainment	forward	in	late	least	lip	live	look	not	on	our	singing	started	that	the	these	this	to	was	weekends	were
80	back	best	brings	childhood	in	memories	my	of	the	they	times	were
12	and	at	beauty	forever	gave	girl	innocence	it	love	man	of	oh	old	on	puppy	recorded	released	serenity	song	stay	swore	tape	the	this	time	to	was	when	who	with	year
94	after	ago	bless	by	can	dry	fifty	for	going	hand	have	heard	her	it	look	mangle	mum	my	not	of	old	putting	see	seven	she	since	still	strong	the	there	this	through	to	us	was	washing	year	years
14	an	and	at	being	childhood	faithfully	for	go	him	in	it	love	marry	memories	not	option	ready	scott	steady	thanks	the	time	to	totally	unfortunately	walker	wanted	was	watched	with	wonderful
14	1966	and	back	beautiful	brings	faces	fantastic	in	john	live	me	old	rip	scott	thank	to	version	voices	years	you
40	80	90	and	back	brings	era	experience	glad	got	in	memories	mid	much	my	now	of	sad	so	teenager	that	the	to	was	when	years
2019	60	and	attached	back	being	can	go	goosebumps	in	many	melodrama	memories	of	sept	so	song	teenager	the	this	to
actually	and	boys	call	date	for	girl	happy	have	how	jobs	life	like	living	longer	love	make	marriage	mattered	money	no	now	of	on	path	phone	place	romance	sad	seemed	taken	that	the	things	time	to	value	was	we	when	worth	would
again	and	big	could	give	love	me	miss	much	my	of	reminds	see	sister	so	song	this	to	wendy	whatever	would	you
all	back	bring	his	love	memories	of	songs	yesterday
80s	every	good	had	happiest	hear	it	me	of	reminds	sad	so	song	the	this	time	we	when
back	love	me	my	song	takes	teenager	this	to	wow	years
and	back	fell	gosh	it	just	love	loved	memories	my	oh	still	sweet	then	to	tune	youth
5th	but	certainly	cried	elementary	english	favorite	for	grade	in	it	just	listen	my	not	of	radio	school	songs	sure	that	the	time	to	waiting	was	when	young
remembering	we	were	when	young
66	almost	always	and	at	back	bar	beggar	blind	box	classic	cornell	days	early	forehead	george	have	he	him	in	innocent	is	it	juke	killing	kray	loved	march	me	of	old	on	outright	playing	reminds	ronnie	sat	shot	straight	the	this	those	through	timeless	was	when	while	whitechapel	years
am	and	as	back	better	can	day	did	fantastic	go	heart	in	is	it	make	my	now	on	or	person	place	radio	relive	so	song	sounds	special	the	then	time	to	was	way	when	your
16	1st	68	am	compare	fast	flies	hear	love	my	now	old	so	song	this	time	times	to	when
17	age	always	and	around	at	but	comforting	early	find	forgot	gentle	graduated	great	grew	grow	had	have	his	how	is	it	jesus	job	just	leave	like	little	love	loving	most	mr	my	never	no	of	people	pretensions	reeves	simple	smooth	so	songs	sounds	sweet	the	they	think	to	town	up	voice	was	were	who	with
10	15	60s	about	an	and	as	back	being	brings	came	could	earlier	early	first	for	from	funny	her	how	in	it	listening	longed	look	memories	music	now	of	old	on	out	relate	remember	reminiscing	she	song	teenager	that	the	this	to	was	we	when	years	younger
1963	back	high	in	sad	school	senior	song	was
70	back	brings	definitely	great	memories
67	all	always	am	and	but	heard	it	love	loved	mean	much	older	so	song	still	the	they	this	was	when	years	young
and	back	days	girls	me	school	singing	takes	the	this	to
africa	days	east	in	kenya	me	my	of	reminds	song	teenager	this
2019	back	come	memories	my
and	carefree	days	joyful	leo	me	old	remind	thank	the	yes	you
1970	and	as	beneath	carpenters	earpiece	guam	in	june	landing	landscape	late	me	memory	nice	playing	radio	remember	the	unfolded	were
and	be	could	decency	it	meaning	more	once	song	wish	with	yesterday
ah	awesome	back	brings	good	memories	rink	skating	the	times
14	am	and	died	feel	grandmother	heard	her	little	makes	me	my	nostalgic	now	old	really	remember	remembered	sad	singing	song	that	this	was	when	which	years
air	before	great	lot	memories	my	of	play	popular	senior	song	summer	the	year
80s	90s	and	back	boy	brings	changed	could	go	have	how	in	many	memories	miss	so	the	things	this	time	wish
80	back	brings	club	days	in	memories	the
and	beautiful	for	it	lovely	made	of	remember	thank	the	this	us	video	what	work	you
1973	all	almost	back	beach	beautiful	being	brings	every	first	fl	ft	go	great	hear	in	it	memories	more	my	of	once	played	song	spent	the	this	time	to	two	vacation	voice	walton	was	we	weeks	yesterday
34	and	are	back	best	brings	but	came	car	good	had	hear	im	in	it	like	love	memories	old	oldies	only	others	song	songs	station	that	the	these	this	was	would	years
beautiful	crazy	great	like	me	mother	my	of	play	post	reminds	she	song	such	thanks	this	to	used
along	and	grandad	grandparents	hearing	his	jim	loved	me	music	my	nan	of	reeves	remember	reminds	rip	singing	songs	to	was	when	who	young
76	aussie	back	brings	fan	from	great	keen	mad	memories	old	some	sure	wow	years
80	90	always	back	best	brings	ever	from	good	great	is	it	love	memories	music	my	of	old	song	such	the	youth
14	45	at	beautiful	did	disc	don	every	for	get	got	home	how	in	many	of	old	penny	played	player	record	remember	rpm	save	song	the	this	times	to	was	when	years
also	always	and	bad	can	childhood	come	just	listen	miss	my	not	old	sleep	so	this	to	when
days	especially	it	makes	me	nostalgic	school	the
all	am	and	boy	chinese	country	for	freedom	grandma	in	listen	mcdonald	missed	my	people	remember	song	the	this	time	to	want	was	when	with	world
and	boarding	by	came	children	choice	comes	day	don	due	felt	from	grandchildren	have	hear	heard	hoping	in	just	like	looking	mind	money	mother	my	never	nor	not	now	old	or	out	school	sharing	she	song	still	that	the	thirteen	this	to	visit	was	when	windows	years
back	brings	childhood	good	love	memories	song	this
beautiful	me	of	reminds	song	was	when	young
able	again	and	back	be	done	fantastic	great	hear	is	like	live	lot	many	me	of	past	quality	revisit	singers	songs	superb	thanks	the	these	this	through	to	took	treasure	video	well	what	years	youtube
60	and	back	brings	england	every	go	in	loved	memories	minute	my	of	ready	steady	teen	the	theicewitch54	watched	while	wonderful	years
am	back	brought	glad	it	memories	my	pleasure	southam	thanks
and	away	best	heart	is	lonely	love	medicine	my	of	oldies	ones	parents	passed	remember	song	the	who
73	alive	back	be	good	lord	me	take	time	to	what
11th	2019	absolutely	always	back	be	brings	dad	day	forever	july	life	little	love	memories	miss	much	my	of	playing	rip	saddest	so	the	this	was	when	will	you
about	and	backlash	could	days	from	good	like	not	old	peers	social	song	the	when	worry	you	your
but	forget	gonna	is	jim	love	memories	music	never	sad	that	the	they
1989	and	around	born	but	dance	daughter	don	first	for	her	hold	house	how	in	it	know	memory	months	my	on	precious	sing	song	stumbled	sweet	the	this	to	used	was	when	wonderful
again	all	closing	days	evokes	for	front	future	in	is	just	life	me	memories	my	now	of	old	on	spend	the	those	time	twenty	was	wishing	with	wonderful	years
always	and	as	bring	changed	daughter	dont	even	eyes	growing	hear	her	if	im	in	is	it	know	late	later	leoni	life	me	mum	my	name	now	obviously	of	on	one	play	radio	remember	she	sing	stuck	tears	teens	thats	the	them	this	to	toddler	tunes	up	used	was	when	which	with	would
10	and	beautiful	been	broke	ever	have	heart	her	it	later	loving	me	more	most	regret	relationship	reminds	ruined	should	song	the	this	transparent	with	woman	wonderful	years
great	it	time	was	wasn
life	love	me	my	of	reminds	song	the	this
11	adults	all	and	announcement	around	aunt	came	died	elvis	family	go	had	in	into	kitchen	my	old	on	remember	shock	shocked	standing	that	the	too	tv	was	watching	with	years
all	and	film	grow	hit	it	knowing	make	me	never	on	passed	sad	so	stars	that	them	they	those	up	with
80s	back	great	how	just	me	song	take	the	this	was
at	back	beside	childhood	go	hear	longing	my	radio	song	that	the	this	time	to	very
60s	70s	80s	and	are	bodies	bouncers	childhood	dances	didn	don	drugs	each	favourite	from	girl	gone	great	have	hear	high	in	is	it	just	know	long	love	missing	money	music	mutilate	night	no	of	or	other	our	ourselves	park	parties	piercings	police	refreshing	respected	rock	school	so	songs	spend	summer	tattoos	tenderness	the	there	they	to	today	we	were	with	wonderful	your	youth
1985	80s	back	brings	find	in	into	it	looked	loved	memories	released	song	swear	the	this	until	was
1990	after	again	always	am	and	are	at	back	bawled	beatles	broke	but	came	checking	did	elvis	eyes	for	gate	get	good	guardhouse	in	just	like	listening	loved	lump	my	not	of	on	out	people	play	radio	sight	song	still	that	the	this	throat	to	together	was	we	when	wife	work	young	your	youtube
1966	45	again	among	and	are	best	bought	certainly	day	exciting	faces	full	genuine	get	great	harmonies	hollies	in	is	it	its	music	my	never	of	old	on	over	perfect	perform	played	player	pleasure	record	rousing	singers	smiles	so	soaring	song	still	teenage	the	them	thirteen	this	tired	to	very	was	watch	when	wonderful	years
and	back	bad	beautiful	brings	but	good	lot	love	memories	some	song	still	this
and	anyone	back	best	clock	could	else	get	happy	in	it	just	knowing	life	live	ll	messed	my	never	of	our	rest	so	song	that	the	thing	this	turn	up	was	we	wish	with	you
back	brings	me	more	once	yesterday
2006	broke	down	from	in	left	me	on	played	radio	she	sixties	song	the	this	when
and	at	dad	days	everyday	family	good	happiness	love	memories	music	my	of	song	teen	this	was	when
70	and	around	at	aunts	dance	end	floor	in	late	man	me	mid	my	of	old	older	receptions	reminds	song	the	this	to	twirling	uncles	wedding
back	brought	crazy	for	memories	my	non	played	some	stop	teen	thank	this	years	you
10	30th	70	ago	and	august	away	for	great	in	learned	memories	memory	mom	my	on	passed	roller	skate	song	thank	the	this	to	years	you
and	away	beautiful	dad	dance	get	goosebumps	has	little	me	mom	my	of	passed	play	reminds	so	the	this	time	to	used	was	when	with
always	but	dad	everyday	he	hearts	her	in	is	laura	longer	mum	my	name	no	our	remains	sing	song	this	to	us	was	with
60s	absolutely	and	brilliant	brothers	came	escape	fire	handsome	into	luton	me	reminds	ritz	saw	so	song	teenager	the	them	they	to	up	very	walker	was	we	went	were	when	where	wife	young
back	bring	for	like	listening	memories	miss	music	on	radio	thankful	the	this	to	wonderful	youtube
dance	definitely	me	of	reminds	school
50	60	70	after	alive	and	be	comment	common	days	doing	everything	eye	find	gives	gonna	good	goosebumps	got	ha	heard	if	internet	is	isn	it	leave	ll	maybe	me	nostalgic	now	old	or	remember	since	so	sometimes	song	still	teary	that	the	this	those	was	when	where	years
able	also	and	anyone	artist	be	by	can	charts	country	crossed	grows	happened	how	impeccable	love	music	never	not	old	over	perfection	pop	pure	record	remember	shot	song	sung	technically	the	this	to	unforgettable	up	well	when	which	who
back	brings	germany	in	it	jam	listening	memories	song	stationed	still	the	this	to	was	when	wonderful
affordable	among	an	as	bought	brand	buy	can	cheap	cool	country	current	days	display	easter	egg	enough	even	feature	first	gather	go	had	higher	in	included	inside	it	lacks	listen	lyrics	managed	money	mp3	music	my	of	on	ones	play	player	remember	sadly	so	something	song	sorts	struggling	teenager	the	this	time	to	today	usb	very	was	when	which
31	always	babe	back	beautiful	been	brings	god	husbands	is	it	joke	love	me	memories	months	my	no	passed	rip	since	sing	this	to	use	will	you	yrs
again	all	are	best	favorite	feel	for	love	makes	me	million	my	old	songs	thanks	them	those	today	young
1969	danced	exact	good	in	memories	record	this	to
3pm	and	brother	busting	everyone	flick	friends	handball	high	home	in	it	me	my	neighborhood	on	playing	remember	saturday	shaw	song	tail	the	this	to	until	watch	with
back	be	bring	it	lonely	memories	partner	please	sin	so	someone	sweet	to	voice	with
and	at	be	caretaker	embarrassing	everyday	find	it	just	life	me	men	need	now	old	sang	school	sing	so	sweet	the	this	to	tommy	usually	was	would
18	1966	47	67	able	aisle	an	and	apc	as	babies	back	both	but	came	cry	dianne	down	driver	for	foreboding	girlfriend	gunner	hawaii	hear	her	high	in	inducted	into	it	june	just	knowledge	laid	later	like	loved	make	married	marry	might	months	my	not	of	old	our	out	rpg	school	senior	song	still	texas	that	the	this	to	took	up	usmc	walk	was	we	wedding	when	with	year	years
1998	friend	girl	high	in	my	remember	school
70	boyfriend	good	in	memories	my	sentimental	song	the	theme	very	with	yahooo
apply	back	brings	for	in	lots	me	memories	navy	of	song	still	the	this	today	was	when	words
1993	back	como	from	in	italia	laura	memories	my	thank	to	turn	you
80s	back	beautiful	childhood	experienced	had	hahaha	happy	it	love	makes	me	music	my	one	so	song	takes	the	this	to	wow	years
1973	45	after	along	and	australian	back	beautiful	cargo	coast	communication	composition	destination	did	first	for	from	headed	heard	in	it	melbourne	mesmerized	music	my	of	on	purchased	radio	reaching	receiver	record	rpm	sailing	ship	singing	some	song	station	store	style	suddenly	thing	this	unknown	was	way	what	with	wonderful
give	great	had	he	his	kid	listening	loved	more	much	music	so	soon	taken	to	too	voice	was	when
beautiful	listening	many	memories	so	song	this	to
17	about	although	always	and	at	came	didn	ever	going	holiday	in	italy	know	loved	now	on	or	really	remember	restaurant	since	song	the	this	time	tv	ve	was	what	when
after	every	father	kid	liked	miss	moment	morning	my	open	school	song	that	this	to	was	when
2019	29th	48am	dubai	full	great	it	june	memories	of	played	this	time	times	unforgettable
and	back	beautiful	every	hearing	in	melody	sends	so	the	this	time	tune	you
10	11	and	booming	but	by	first	foley	for	gal	her	introduction	not	old	on	or	red	remember	she	such	sure	that	tv	voice	was	what	year	years	young
age	and	at	because	dad	didn	english	even	first	it	know	learned	like	my	oh	old	play	remember	song	that	the	this	though	to	used	was	when	years
again	be	kid	makes	me	song	this	to	want
always	bottom	cause	creator	every	everything	father	for	from	granddaughter	happy	heart	here	him	in	know	law	miss	music	my	now	of	our	papa	re	remember	right	so	thanks	the	this	time	to	we	will	with	you
all	and	aunts	dance	house	in	livingroom	miss	my	on	play	really	record	song	stereo	that	the	was	we	would
and	as	because	bobby	by	can	drumming	drums	elliott	for	great	heard	hollies	immediately	it	little	much	my	never	now	of	oh	older	or	over	perfect	playing	records	remember	say	singing	sisters	song	struck	teenager	that	the	to	too	tried	twenty	was	what	while	years	yes	young
70s	as	child	drop	emotional	in	it	makes	me	middle	of	pilot	simpler	songs	the	time	was
awesomeness	benson	brilliantly	but	george	glen	it	listen	love	many	memories	pure	sang	singing	so	song	take	this	to
and	baritone	could	everytime	golden	growing	hear	heard	it	makes	me	nostalgic	swoon	this	up
10	50	60	and	back	brenda	dear	early	emotions	hearing	her	late	like	old	records	such	thank	this	time	to	turn	voice	was	with	wonderful	year	you
back	could	go	in	know	love	now	song	that	time	what	wish
am	and	appreciate	back	can	childhood	due	eighteen	eleven	family	first	great	happy	how	in	just	knew	listened	lyrics	melody	my	nice	now	only	or	pain	resonate	song	strongly	struggling	studies	ten	the	then	this	those	times	to	voice	was	when	with
10	again	and	back	big	bless	chart	found	god	her	in	it	later	me	my	old	only	out	played	sad	sister	sisters	some	song	still	take	the	this	time	to	was	when	why	years
about	and	back	brings	childhood	everything	from	jeez	my	parents	song	this
always	bless	dad	god	him	me	my	of	reminds
back	being	brings	by	dumped	emotions	first	full	girlfriend	is	loss	my	of	song	the
back	bring	but	can	days	go	good	never	old	song	sure	the	this	to	you
absolutely	artist	come	favorite	grandfathers	great	his	jim	love	memories	music	my	reeves	thank	this	was	with	you
2006	always	and	away	back	brings	cry	favorite	frequently	good	grandmother	he	hearing	her	him	his	in	listened	makes	many	me	memories	music	my	of	passed	quite	september	she	since	singer	so	thinking	to	want	was	with	you
15	70	actually	air	an	angels	as	at	back	behind	best	blue	brand	called	crowd	eagle	entire	ever	fighter	flight	flying	had	have	he	heard	his	in	introduced	it	jet	large	life	little	man	my	new	one	only	out	perform	pilot	plane	played	routine	saw	show	song	speakers	strike	that	the	then	there	this	through	time	to	very	was	we	went	when	who	with
